file,rows,loans,interest_rate_missing,ltv_missing,duplicate_loan_age,min_loan_age,max_loan_age
survival_2016Q1.parquet,20490113,308511,1,0,98334,0,122
survival_2016Q2.parquet,29262109,431540,0,0,139234,0,119
survival_2016Q3.parquet,32869777,477475,0,0,154641,0,116
survival_2016Q4.parquet,31829313,472042,0,0,147446,0,113
survival_2017Q1.parquet,16945198,290601,0,0,103363,0,110
survival_2017Q2.parquet,18772350,337270,0,0,123479,0,107
survival_2017Q3.parquet,21932158,391807,0,0,133921,0,104
survival_2017Q4.parquet,19761819,360105,0,0,116860,0,101
survival_2018Q1.parquet,14285575,296816,0,0,92616,0,98
survival_2018Q2.parquet,15163814,364502,0,0,112515,0,96
survival_2018Q3.parquet,13076901,336669,0,0,106246,0,92
survival_2018Q4.parquet,10102613,287447,0,0,82013,0,89
survival_2019Q1.parquet,9821276,279861,0,0,72147,0,86
survival_2019Q2.parquet,15089232,413821,0,0,96173,0,84
survival_2019Q3.parquet,22134947,542237,0,0,102816,0,80
survival_2019Q4.parquet,22584658,545225,0,0,95043,0,77
survival_2020Q1.parquet,22186576,517072,0,0,72280,0,74
survival_2020Q2.parquet,46117163,926253,0,0,67248,0,71
survival_2020Q3.parquet,64417206,1187782,0,0,76016,0,68
survival_2020Q4.parquet,70364472,1282634,0,0,80975,0,65
survival_2021Q1.parquet,65420876,1219583,0,0,72176,0,62
survival_2021Q2.parquet,49729960,967258,0,0,88303,0,59
survival_2021Q3.parquet,52184645,1045331,1,0,117123,0,56
survival_2021Q4.parquet,41343948,864197,0,0,102849,0,53
survival_2022Q1.parquet,26406700,583706,0,0,77736,0,50
survival_2022Q2.parquet,18508492,437886,0,0,72835,0,47
survival_2022Q3.parquet,13291076,336779,0,0,56671,0,44
survival_2022Q4.parquet,7954297,222382,0,0,35884,0,41
survival_2023Q1.parquet,6241890,186034,0,0,23205,0,38
survival_2023Q2.parquet,8609054,276112,0,0,30119,0,35
survival_2023Q3.parquet,7350410,262615,0,0,33826,0,32
survival_2023Q4.parquet,4955956,206989,0,0,30337,0,29
survival_2024Q1.parquet,4908884,215009,0,0,22075,0,26
survival_2024Q2.parquet,5144507,255661,0,0,32016,0,23
survival_2024Q3.parquet,5309791,296104,0,0,26268,0,20
survival_2024Q4.parquet,4341371,281875,0,0,21772,0,17
survival_2025Q1.parquet,2589410,210889,0,0,22714,0,14
survival_2025Q2.parquet,2595685,268041,0,0,21814,0,11
survival_2025Q3.parquet,1931401,289575,0,0,13215,0,8
survival_2025Q4.parquet,1201439,318674,0,0,2676,0,5
survival_2026Q1.parquet,203412,143921,0,0,127,0,2
