vintage_year,PD_12m,Prepayment_CIF_12m,Survival_12m,PD_24m,Prepayment_CIF_24m,Survival_24m,PD_36m,Prepayment_CIF_36m,Survival_36m,PD_60m,Prepayment_CIF_60m,Survival_60m,PD_12m_pct,Prepayment_CIF_12m_pct,PD_24m_pct,Prepayment_CIF_24m_pct,PD_36m_pct,Prepayment_CIF_36m_pct,PD_60m_pct,Prepayment_CIF_60m_pct
2016,2.5469361438700363e-05,0.050215877082234114,0.9497586535563273,0.00020440841561435963,0.1223118938286843,0.8774836977557013,0.0004960786790128936,0.20314231949038628,0.7963616018306008,0.0009226113184020606,0.5511240367143725,0.44795335196722547,0.002546936143870036,5.021587708223412,0.02044084156143596,12.23118938286843,0.04960786790128936,20.31423194903863,0.09226113184020607,55.11240367143725
2017,3.047569460668491e-05,0.05190541648897408,0.9480641078164194,0.0002475824953207357,0.1372741873294804,0.8624782301751991,0.0005571089359276463,0.34711013770131177,0.652332753362761,0.0009214614496370615,0.6681533491804733,0.3309251893698902,0.003047569460668491,5.190541648897408,0.02475824953207357,13.72741873294804,0.05571089359276463,34.711013770131174,0.09214614496370614,66.81533491804733
2018,2.5710864853640075e-05,0.11330943314027045,0.8866648559948758,0.00020342218536267397,0.38941157247519503,0.6103850053394423,0.00037811649801902365,0.6386353872279789,0.36098649627400226,0.0007689861022368042,0.7605959112719536,0.23863510262580945,0.0025710864853640074,11.330943314027046,0.020342218536267397,38.941157247519506,0.03781164980190237,63.863538722797884,0.07689861022368043,76.05959112719536
2019,8.996933251127798e-06,0.20510587275075076,0.7948851303159978,5.738168154694529e-05,0.5133336993969033,0.48660891892154956,0.00013509757971151323,0.6179988093837152,0.3818660930365733,0.00044524350454771975,0.6689389996584773,0.3306157568369751,0.0008996933251127798,20.510587275075075,0.005738168154694529,51.33336993969033,0.013509757971151323,61.79988093837152,0.044524350454771974,66.89389996584772
2020,2.81474972145375e-06,0.12572472417444222,0.874272461075836,1.7407459591465103e-05,0.2325677185280676,0.7674148740123405,6.171703852505505e-05,0.26924935890229984,0.7306889240591745,0.00019984554757264885,0.33436795491901816,0.6654321995334085,0.000281474972145375,12.572472417444223,0.0017407459591465102,23.25677185280676,0.006171703852505504,26.924935890229985,0.019984554757264884,33.43679549190182
2021,4.645484324099699e-06,0.05372410319841809,0.9462712513172579,4.158549834528328e-05,0.09432361147505268,0.9056348030266019,0.0001224138598954703,0.13207372818495694,0.8678038579551475,0.0003895387712761741,0.20383050308272377,0.7957799581459999,0.00046454843240996993,5.372410319841809,0.0041585498345283285,9.432361147505269,0.01224138598954703,13.207372818495694,0.03895387712761741,20.383050308272377
2022,1.5862107069649853e-05,0.03753719116370786,0.9624469467292224,0.00015373631414694172,0.08755024187152886,0.9122960218143241,0.0005325245199940785,0.14859159922105844,0.8508758762589476,,,,0.0015862107069649853,3.7537191163707857,0.015373631414694172,8.755024187152886,0.053252451999407854,14.859159922105844,,
2023,2.1518300937081007e-05,0.072236408116241,0.9277420735828218,0.0002677348016243144,0.1856949996936476,0.814037265504728,0.0008686640544761815,0.2838675277920549,0.7152638081534689,,,,0.0021518300937081007,7.223640811624101,0.02677348016243144,18.56949996936476,0.08686640544761814,28.386752779205487,,
2024,1.7219606640637523e-05,0.08671815023267705,0.9132646301606824,0.00020539864359137055,0.23510423884180423,0.7646903625146045,,,,,,,0.0017219606640637524,8.671815023267705,0.020539864359137055,23.510423884180423,,,,
2025,9.71826667241809e-06,0.13188805576126233,0.8681022259720652,,,,,,,,,,0.000971826667241809,13.188805576126233,,,,,,
2026,,,,,,,,,,,,,,,,,,,,
