vintage_year,loan_age,at_risk,default,prepayment,censored,survival,default_cif,prepayment_cif
2016,0,1689568.0,0.0,598.0,5,0.9996460633724124,0.0,0.0003539366275876437
2016,1,1688965.0,0.0,1872.0,8,0.9985380845625299,0.0,0.0014619154374701196
2016,2,1687085.0,0.0,2989.0,20,0.9967689796657657,0.0,0.003231020334234303
2016,3,1684076.0,0.0,4129.0,38,0.9943251118610824,0.0,0.00567488813891767
2016,4,1679909.0,0.0,5768.0,114,0.9909110773834918,0.0,0.009088922616508257
2016,5,1674027.0,0.0,7210.0,219,0.9866432436699765,0.0,0.013356756330023617
2016,6,1666598.0,0.0,9159.0,237,0.9812210209931382,0.0,0.01877897900686189
2016,7,1657202.0,3.0,9018.0,246,0.9758797319828794,1.7762850050744656e-06,0.024118491732115735
2016,8,1647935.0,3.0,8711.0,212,0.970719445937314,3.5528351699466467e-06,0.02927700122751626
2016,9,1639009.0,5.0,8566.0,152,0.9656431856049248,6.51413509550323e-06,0.034350300259979795
2016,10,1630286.0,10.0,8517.0,121,0.9605925138555181,1.2437287141248116e-05,0.039395048857340714
2016,11,1621638.0,14.0,8759.0,57,0.9553957448330517,2.073031875124816e-05,0.04458352484819717
2016,12,1612808.0,8.0,9508.0,50,0.9497586535563273,2.5469361438700363e-05,0.050215877082234114
2016,13,1603242.0,14.0,9646.0,34,0.9440360810480258,3.376294478406468e-05,0.05593015600719013
2016,14,1593548.0,11.0,9752.0,28,0.9382523680633703,4.027947073215554e-05,0.061707352465897584
2016,15,1583757.0,20.0,9823.0,23,0.9324211590718092,5.2127909199210396e-05,0.06752671301899157
2016,16,1573891.0,26.0,9740.0,60,0.9266354820207967,6.753110429713461e-05,0.07329698687490627
2016,17,1564065.0,24.0,10125.0,74,0.9206226734054074,8.174998367139279e-05,0.07929557661092143
2016,18,1553842.0,30.0,10248.0,42,0.914533148320321,9.952442933714402e-05,0.08536732725034205
2016,19,1543522.0,29.0,10449.0,58,0.9083249580074518,0.00011670686101047897,0.0915583351315378
2016,20,1532986.0,30.0,10276.0,52,0.9022184462602963,0.00013448246283608177,0.09764707127686761
2016,21,1522628.0,28.0,10123.0,76,0.8962035697126509,0.00015107359113221734,0.10364535669621691
2016,22,1512401.0,26.0,10087.0,92,0.8902109085728447,0.00016648041300851133,0.10962261101414682
2016,23,1502196.0,32.0,10828.0,94,0.8837752034670522,0.00018544381663515593,0.11603935271631269
2016,24,1491242.0,32.0,10584.0,69,0.8774836977557013,0.00020440841561435963,0.1223118938286843
2016,25,1480557.0,45.0,10059.0,89,0.8714953465594126,0.0002310786258116074,0.12827357481477575
2016,26,1470364.0,34.0,9831.0,64,0.8656482899164258,0.00025123067100791256,0.13410047941256623
2016,27,1460435.0,32.0,9969.0,76,0.8597203653272082,0.00027019813294721533,0.14000943653984463
2016,28,1450358.0,39.0,9905.0,47,0.8538259176716544,0.0002933159385150552,0.14588076638983064
2016,29,1440367.0,42.0,10085.0,64,0.8478227982803737,0.0003182128491928266,0.1518589888704336
2016,30,1430176.0,28.0,10424.0,61,0.8416267469638737,0.0003348115323981457,0.1580384415037281
2016,31,1419663.0,46.0,11020.0,48,0.8350664283657965,0.0003620819693682845,0.16457148966483526
2016,32,1408549.0,48.0,11790.0,59,0.8280482015387608,0.0003905390472275271,0.1715612594140117
2016,33,1396652.0,33.0,12668.0,56,0.8205180220754844,0.00041010411472521376,0.17907187380979034
2016,34,1383895.0,38.0,12959.0,52,0.8128120380717015,0.0004326344980555014,0.1867553274302429
2016,35,1370846.0,56.0,13807.0,43,0.804592286703723,0.0004658384276960411,0.19494187486858097
2016,36,1356940.0,51.0,13830.0,54,0.7963616018306008,0.0004960786790128936,0.20314231949038628
2016,37,1343005.0,58.0,14103.0,50,0.7879645544305366,0.0005304709358594243,0.21150497463360388
2016,38,1328794.0,50.0,14635.0,43,0.7792564631223184,0.0005601205487576815,0.22018341632892377
2016,39,1314066.0,50.0,15460.0,33,0.7700588522389784,0.0005897711318761215,0.2293513766291454
2016,40,1298523.0,42.0,16265.0,54,0.7603883653061624,0.0006146782546564165,0.2389969564391811
2016,41,1282162.0,37.0,17748.0,58,0.749840940661718,0.0006366211678891655,0.2495224381703927
2016,42,1264319.0,39.0,19154.0,43,0.7384579770472186,0.0006597512455719394,0.2608822717072094
2016,43,1245083.0,42.0,20827.0,48,0.7260805857223042,0.0006846614202638943,0.2732347528574319
2016,44,1224166.0,38.0,23062.0,51,0.7123794524363076,0.0007072000810806851,0.2869133474826116
2016,45,1201015.0,34.0,25145.0,50,0.6974445829859729,0.0007273671076230967,0.30182804990640394
2016,46,1175786.0,30.0,27696.0,62,0.680998266642804,0.0007451622995113988,0.31825657105768446
2016,47,1147998.0,29.0,30009.0,67,0.6631795718947152,0.0007623652473672673,0.3360580628579175
2016,48,1117893.0,29.0,31217.0,84,0.6446431744904715,0.0007795692262677048,0.3545772562832608
2016,49,1086563.0,17.0,32221.0,79,0.6255168038527599,0.0007896550970053777,0.3736935410502347
2016,50,1054246.0,27.0,32632.0,67,0.6061392076398956,0.0008056750332479857,0.3930551173268564
2016,51,1021520.0,21.0,32211.0,66,0.5870137094209189,0.0008181358008887933,0.4121681547781923
2016,52,989222.0,29.0,31674.0,54,0.5682008487791506,0.0008353446757148755,0.4309638065451346
2016,53,957465.0,18.0,29995.0,54,0.5503898456882714,0.0008460266487144365,0.4487641276630142
2016,54,927398.0,19.0,28592.0,65,0.5334098609622022,0.0008573027211968843,0.46573283631660095
2016,55,898722.0,25.0,27270.0,75,0.5172097210357697,0.0008721407317541591,0.4819181382324762
2016,56,871352.0,16.0,25984.0,124,0.5017768618159251,0.0008816378758894481,0.49734150030818547
2016,57,845228.0,23.0,24367.0,138,0.4872975288315819,0.0008952920234351592,0.511807179144983
2016,58,820700.0,15.0,23269.0,166,0.4734724579636465,0.000904198399617045,0.5256233436367365
2016,59,797250.0,16.0,22226.0,224,0.4602633335860643,0.0009137005122886265,0.5388229659016471
2016,60,774784.0,15.0,20707.0,260,0.44795335196722547,0.0009226113184020606,0.5511240367143725
2016,61,753802.0,13.0,18830.0,352,0.43675573639825854,0.0009303366807327176,0.5623139269210088
2016,62,734607.0,26.0,16812.0,319,0.4267448147905501,0.0009457948088833542,0.5723093904005666
2016,63,717450.0,10.0,15386.0,368,0.417587154788438,0.0009517428863074333,0.5814611023252546
2016,64,701686.0,23.0,13813.0,364,0.40935307875777355,0.0009654306391771414,0.5896814906030494
2016,65,687486.0,16.0,12337.0,316,0.40199767285584276,0.0009749575957408015,0.5970273695484165
2016,66,674817.0,13.0,11123.0,406,0.39536380606688715,0.0009827018727034832,0.6036534920604094
2016,67,663275.0,16.0,9955.0,360,0.3894203097640068,0.0009922391248192272,0.609587451111174
2016,68,652944.0,19.0,9023.0,397,0.3840275985347342,0.0010035708560021711,0.6149688306092636
2016,69,643505.0,18.0,8182.0,370,0.3791340447814847,0.0010143128032654017,0.6198516424152498
2016,70,634935.0,25.0,7082.0,356,0.3748902943877247,0.001029240868531196,0.624080464743744
2016,71,627472.0,24.0,6498.0,295,0.370993651190902,0.0010435799419325675,0.6279627688671654
2016,72,620655.0,20.0,5566.0,294,0.3676546455669203,0.0010555348492866017,0.631289819583793
2016,73,614775.0,10.0,5059.0,283,0.3646232252938469,0.0010615151615238742,0.6343152595446292
2016,74,609423.0,17.0,4298.0,260,0.3620415222449909,0.0010716864133965397,0.6368867913416125
2016,75,604848.0,18.0,3987.0,219,0.3596442649231659,0.001082460603606989,0.639273274473227
2016,76,600624.0,22.0,3822.0,181,0.3573425377954377,0.0010956338598010632,0.6415618283447612
2016,77,596599.0,20.0,3516.0,176,0.35522459389401534,0.0011076131805104656,0.6436677929254742
2016,78,592887.0,27.0,3528.0,177,0.35309463754264786,0.0011237900641917378,0.6457815723931604
2016,79,589155.0,18.0,3462.0,171,0.35100899057597795,0.0011345778933296857,0.6478564315306923
2016,80,585504.0,22.0,3389.0,137,0.34896409990596605,0.0011477668686273293,0.6498881332254065
2016,81,581956.0,21.0,3331.0,124,0.34695410660254655,0.0011603593087740505,0.6518855340886793
2016,82,578480.0,19.0,3216.0,148,0.3450138553667921,0.001171754911086055,0.6538143897221218
2016,83,575097.0,19.0,3232.0,148,0.3430635060452038,0.0011831534460322798,0.6557533405087639
2016,84,571698.0,16.0,3210.0,159,0.34112765377617044,0.0011927546972116145,0.6576795915266179
2016,85,568313.0,20.0,3018.0,136,0.33930410616741963,0.0012047596189282098,0.6594911342136521
2016,86,565139.0,10.0,2986.0,132,0.33750533612663747,0.0012107635242712745,0.6612839003490912
2016,87,562011.0,17.0,2969.0,146,0.33571214892269635,0.0012209725605964582,0.6630668785167072
2016,88,558879.0,22.0,2853.0,155,0.333985169687204,0.001234187706050661,0.6647806426067454
2016,89,555849.0,18.0,2880.0,145,0.332243889192405,0.0012450031128506546,0.6665111076947444
2016,90,552806.0,25.0,2875.0,136,0.3305009499358521,0.001260028451269214,0.6682390216128787
2016,91,549770.0,14.0,2999.0,161,0.3286896481875633,0.0012684447222536292,0.6700419070901831
2016,92,546596.0,13.0,2968.0,188,0.3268970557769948,0.0012762621329672793,0.6718266820900379
2016,93,543427.0,26.0,2912.0,199,0.3251297097491515,0.001291902363302176,0.6735783878875463
2016,94,540290.0,11.0,2960.0,197,0.3233418543980165,0.0012985218210142208,0.6753596237809693
2016,95,537122.0,12.0,3005.0,289,0.32152565179466225,0.001305745696135285,0.6771686025092024
2016,96,533816.0,15.0,2934.0,190,0.319749423380485,0.0013147804286590757,0.6789357961908559
2016,97,530677.0,9.0,2943.0,94,0.31797075142406106,0.0013202032090140268,0.6807090453669249
2016,98,527631.0,11.0,2805.0,75,0.31627372142390914,0.0013268322324521203,0.6823994463436387
2016,99,524740.0,12.0,2825.0,108,0.3145637916535855,0.001334064927991029,0.6841021434184235
2016,100,521795.0,25.0,2858.0,115,0.31282577689426955,0.0013491361624630718,0.6858250869432674
2016,101,518797.0,10.0,2909.0,86,0.3110656694866431,0.0013551659925679928,0.6875791645207889
2016,102,515792.0,11.0,2908.0,124,0.30930526860948426,0.0013617999115980535,0.6893329314789177
2016,103,512749.0,6.0,2888.0,140,0.3075595227428793,0.0013654192879628184,0.6910750579691579
2016,104,509715.0,15.0,3359.0,131,0.3055236677459997,0.0013744702141493014,0.693101862039851
2016,105,506210.0,9.0,3316.0,142,0.3035168599088265,0.0013799021752123265,0.6951032379159612
2016,106,502743.0,17.0,3401.0,138,0.30145333912948524,0.0013901654441558027,0.6971564954263589
2016,107,499187.0,17.0,3314.0,153,0.29944178619913986,0.0014004315503749175,0.6991577822504852
2016,108,495703.0,7.0,3330.0,115,0.29742598794787545,0.0014046600753251275,0.7011693519767994
2016,109,492251.0,19.0,3151.0,1543,0.2955106228560935,0.0014161401815534736,0.703073236962353
2016,110,487538.0,8.0,3046.0,43376,0.29365950675395885,0.0014209892086710495,0.70491950403737
2016,111,441108.0,5.0,2603.0,50350,0.291923278905871,0.001424317866355267,0.7066524032277737
2016,112,388150.0,12.0,2207.0,52408,0.29025439379472295,0.001433342932301088,0.7083122632729759
2016,113,333523.0,8.0,1992.0,48570,0.28851385779693733,0.0014403050762922306,0.7100458371267704
2016,114,282953.0,6.0,1581.0,50269,0.2868956685841573,0.0014464229939208885,0.7116579084219218
2016,115,231097.0,6.0,1352.0,41041,0.2852097777334008,0.0014538717016561898,0.713336350564943
2016,116,188698.0,3.0,900.0,42214,0.28384492792421756,0.0014584060864043069,0.7146966659893782
2016,117,145581.0,2.0,763.0,37656,0.2823533777228724,0.0014623055640548823,0.7161843167130728
2016,118,107160.0,3.0,643.0,33289,0.2806512474316352,0.001470210193890349,0.7178785423744746
2016,119,73225.0,0.0,336.0,30818,0.27936345201836066,0.001470210193890349,0.7191663377877491
2016,120,42071.0,0.0,135.0,21968,0.27846701347346087,0.001470210193890349,0.7200627763326488
2016,121,19968.0,0.0,2.0,19809,0.2784391221459896,0.001470210193890349,0.7200906676601201
2016,122,157.0,0.0,0.0,157,0.2784391221459896,0.001470210193890349,0.7200906676601201
2017,0,1379783.0,0.0,766.0,5,0.999444840239371,0.0,0.0005551597606290264
2017,1,1379012.0,0.0,2102.0,13,0.9979214067564258,0.0,0.002078593243574177
2017,2,1376897.0,0.0,2977.0,29,0.9957637929131871,0.0,0.004236207086812908
2017,3,1373891.0,0.0,3801.0,88,0.9930089177616189,0.0,0.00699108223838099
2017,4,1370002.0,0.0,4751.0,207,0.9895652838338689,0.0,0.01043471616613106
2017,5,1365044.0,0.0,6439.0,282,0.984897440993194,0.0,0.015102559006806
2017,6,1358323.0,1.0,7878.0,321,0.9791845089898448,7.250833866416117e-07,0.02081476592676862
2017,7,1350123.0,2.0,7476.0,310,0.973761046269614,2.1755949459437562e-06,0.026236778135440036
2017,8,1342335.0,8.0,7187.0,223,0.9685416258358848,7.978981112703106e-06,0.031450395183002466
2017,9,1334917.0,2.0,7001.0,165,0.9634606380248608,9.430070020606571e-06,0.036529931905118544
2017,10,1327749.0,7.0,6766.0,141,0.9585459147591364,1.4509512344550347e-05,0.04143957572851906
2017,11,1320835.0,11.0,7034.0,85,0.9534332731578176,2.2492345220988736e-05,0.046544234496961566
2017,12,1313705.0,11.0,7387.0,70,0.9480641078164194,3.047569460668491e-05,0.05190541648897408
2017,13,1306237.0,13.0,7262.0,54,0.9427839278916703,3.991106766809218e-05,0.05717616104066174
2017,14,1298908.0,14.0,7099.0,53,0.9376211126044495,5.007266109155511e-05,0.06232881473445912
2017,15,1291742.0,11.0,7372.0,69,0.9322621038593915,5.805709779691032e-05,0.06767983904281172
2017,16,1284290.0,16.0,7680.0,139,0.9266756014718451,6.967144787496921e-05,0.07325472708028
2017,17,1276455.0,21.0,8054.0,91,0.920813345864021,8.491694233494528e-05,0.07910173719364415
2017,18,1268289.0,26.0,8529.0,66,0.9146021761906526,0.00010379367074027288,0.08529403013860719
2017,19,1259668.0,20.0,9291.0,60,0.9078417751464798,0.00011831499185330667,0.09203990986166703
2017,20,1250297.0,42.0,10179.0,76,0.9004202978624648,0.00014881122959214165,0.09943089090794326
2017,21,1240000.0,28.0,11161.0,130,0.8922954569650591,0.0001691433008341973,0.10753539973410695
2017,22,1228681.0,36.0,12071.0,119,0.8835030844147584,0.00019528730114895933,0.11630162828409285
2017,23,1216455.0,35.0,13908.0,93,0.873376377297771,0.0002207075657329485,0.12640291513649632
2017,24,1202419.0,37.0,14967.0,79,0.8624782301751991,0.0002475824953207357,0.1372741873294804
2017,25,1187336.0,40.0,15653.0,59,0.851078869871006,0.0002766384063745637,0.14864449172261968
2017,26,1171584.0,35.0,16345.0,58,0.8391798751011157,0.0003020636088743292,0.16051806129001014
2017,27,1155146.0,36.0,17798.0,47,0.8262239942924965,0.00032821655880761915,0.1734477891486961
2017,28,1137265.0,42.0,19677.0,48,0.8118981239426187,0.0003587295946966027,0.1877431464626849
2017,29,1117498.0,42.0,21526.0,49,0.7962282804733737,0.0003892439412149768,0.20338247558541156
2017,30,1095881.0,31.0,22991.0,68,0.7795013115113624,0.00041176744211943135,0.2200869210465185
2017,31,1072791.0,32.0,24867.0,49,0.761409434197588,0.0004350189812993495,0.23815554682111303
2017,32,1047843.0,33.0,26982.0,67,0.7417791309318814,0.00045899825236240036,0.25776187081575663
2017,33,1020761.0,32.0,28771.0,50,0.7208482134024784,0.00048225240508749487,0.27866953419243456
2017,34,991908.0,41.0,30019.0,49,0.6990027425575225,0.0005120482901388319,0.3004852091523391
2017,35,961799.0,36.0,31811.0,57,0.6758574280560212,0.0005382118635383372,0.32360436008044086
2017,36,929895.0,26.0,32341.0,58,0.652332753362761,0.0005571089359276463,0.34711013770131177
2017,37,897470.0,30.0,32636.0,55,0.6285892279843662,0.0005789146593511399,0.37083185735628305
2017,38,864749.0,23.0,32410.0,48,0.6050135610206381,0.0005956334439275203,0.3943908055354348
2017,39,832268.0,31.0,31450.0,49,0.5821285865719139,0.0006181687575424133,0.41725324467054403
2017,40,800738.0,24.0,29905.0,63,0.5603705003220909,0.000635616519579092,0.43899388315833043
2017,41,770746.0,22.0,28654.0,62,0.5395216286221582,0.000651611608761632,0.45982675976908055
2017,42,742008.0,18.0,27439.0,55,0.5195573622569997,0.0006646995934130089,0.47977793814958775
2017,43,714496.0,24.0,25769.0,76,0.5008015637015217,0.0006821515829191334,0.4985162847155596
2017,44,688627.0,18.0,24553.0,60,0.48293239037298524,0.0006952420196092826,0.5163723676074059
2017,45,663996.0,24.0,22943.0,66,0.4662282111163386,0.0007126975123666963,0.5330590913712951
2017,46,640963.0,15.0,21958.0,74,0.45024533459638455,0.0007236083187108145,0.5490310570849051
2017,47,618916.0,19.0,20881.0,79,0.435041126766785,0.0007374303258286323,0.5642214429073868
2017,48,597937.0,17.0,19412.0,83,0.42090516586797483,0.0007497990187762762,0.5783450351132494
2017,49,578425.0,26.0,17536.0,199,0.4081257449871806,0.000768718557718347,0.5911055364551016
2017,50,560664.0,17.0,15494.0,314,0.3968347785072637,0.0007810934162160963,0.6023841280765208
2017,51,544839.0,25.0,14016.0,370,0.386607982839148,0.0007993022255390001,0.6125927149353135
2017,52,530428.0,19.0,12879.0,399,0.3772071409479595,0.0008131505738048229,0.6219797084782362
2017,53,517131.0,23.0,11263.0,461,0.3689748752498314,0.0008299272981586193,0.6301951974520106
2017,54,505384.0,17.0,10119.0,449,0.3615747016481102,0.0008423387968986806,0.6375829595549918
2017,55,494799.0,15.0,9020.0,464,0.35497236932854065,0.0008533000569754424,0.6441743306144845
2017,56,485300.0,14.0,8192.0,503,0.3489700959662699,0.0008635403478689094,0.6501663636858618
2017,57,476591.0,26.0,7389.0,476,0.34354067480307143,0.0008825781024532868,0.6555767470944758
2017,58,468700.0,16.0,6366.0,433,0.3388628924548888,0.0008943055417467563,0.6602428020033649
2017,59,461885.0,20.0,5661.0,394,0.33469501497015514,0.0009089785834110186,0.6643960064464344
2017,60,455810.0,17.0,5117.0,350,0.3309251893698902,0.0009214614496370615,0.6681533491804733
2017,61,450326.0,16.0,4487.0,355,0.3276161285389974,0.0009332191607839156,0.6714506523002193
2017,62,445468.0,14.0,3815.0,273,0.32480011895766764,0.0009435153566937138,0.6742563656856393
2017,63,441366.0,17.0,3486.0,257,0.32222227015030885,0.0009560256135378757,0.6768217042361538
2017,64,437606.0,23.0,3146.0,292,0.31988884150877667,0.0009729611953476706,0.6791381972958762
2017,65,434145.0,19.0,3012.0,208,0.3176555252697019,0.0009869608682419036,0.6813575138620567
2017,66,430906.0,18.0,2927.0,204,0.31548452852814046,0.0010002301182752162,0.6835152413535848
2017,67,427757.0,18.0,2905.0,166,0.3133287221313129,0.0010135056964972126,0.6856577721721903
2017,68,424668.0,23.0,2715.0,180,0.3113085698212836,0.001030475566157795,0.687660954612559
2017,69,421750.0,28.0,2702.0,207,0.30929346040667277,0.0010511433550255982,0.6896553962383021
2017,70,418813.0,14.0,2551.0,194,0.30739920753977723,0.001061482357028147,0.691539310103195
2017,71,416054.0,21.0,2628.0,190,0.3054420084724137,0.0010769980914240075,0.6934809934361627
2017,72,413215.0,31.0,2451.0,157,0.30360735323233645,0.0010999128023194127,0.6952927339653445
2017,73,410576.0,25.0,2485.0,185,0.30175129136653533,0.0011183994742895436,0.6971303091591755
2017,74,407881.0,27.0,2390.0,188,0.2999631892700098,0.0011383741356905317,0.6988984365943001
2017,75,405276.0,30.0,2451.0,143,0.2981268883970766,0.001160578499329386,0.7007125331035945
2017,76,402652.0,20.0,2296.0,133,0.2964121027421497,0.0011753866656068204,0.702412510592244
2017,77,400203.0,17.0,2238.0,162,0.2947419271270655,0.0011879777899777434,0.7040700950829573
2017,78,397786.0,26.0,2342.0,152,0.2929873432969737,0.0012072426462203052,0.7058054140568065
2017,79,395266.0,24.0,2264.0,124,0.29129138401521537,0.0012250324288960916,0.707483583555889
2017,80,392854.0,12.0,2305.0,140,0.2895733866503845,0.0012339301278076022,0.7091926832218084
2017,81,390397.0,17.0,2210.0,133,0.2879215298685178,0.0012465397215623098,0.7108319304099203
2017,82,388037.0,18.0,2244.0,119,0.28624313708493637,0.0012598956323069896,0.712496967282757
2017,83,385656.0,19.0,2345.0,99,0.2844885195603321,0.0012739978882153997,0.7142374825514529
2017,84,383193.0,23.0,2323.0,139,0.2827468122042778,0.001291073450529658,0.715962114345193
2017,85,380708.0,22.0,2155.0,99,0.28112998300665465,0.001307412560473484,0.7175626044328723
2017,86,378432.0,18.0,2153.0,104,0.27951718812380266,0.0013207844203957945,0.719162027455802
2017,87,376157.0,15.0,2175.0,112,0.27788982869146156,0.0013319307178775827,0.7207782405906613
2017,88,373855.0,16.0,2169.0,115,0.2762656982780905,0.0013438236636963182,0.7223904780582137
2017,89,371555.0,18.0,2182.0,86,0.2746299120924335,0.001357207368851694,0.7240128805387153
2017,90,369269.0,22.0,2270.0,112,0.27292532340907294,0.001373569040332467,0.725701107550595
2017,91,366865.0,13.0,2273.0,120,0.2712246779691614,0.0013832402523704592,0.7273920817784686
2017,92,364459.0,15.0,2459.0,138,0.26938356592831264,0.0013944030173715634,0.7292220310543163
2017,93,361847.0,19.0,2402.0,138,0.26758120854214545,0.0014085479121824585,0.7310102435456726
2017,94,359288.0,14.0,2509.0,182,0.26570219396567246,0.0014189744694835375,0.7328788315648445
2017,95,356583.0,16.0,2506.0,174,0.2638229654741812,0.0014308966169315391,0.7347461379088878
2017,96,353887.0,19.0,2426.0,127,0.2620002165441997,0.00144506112804387,0.736554722327757
2017,97,351315.0,15.0,2441.0,658,0.2601686052215048,0.0014562476792818275,0.7383751470992139
2017,98,348201.0,12.0,2232.0,27118,0.25849193470615,0.0014652138317703559,0.7400428514620802
2017,99,318839.0,19.0,1947.0,30246,0.25689804204047145,0.001480617677471217,0.7416213402820578
2017,100,286627.0,8.0,1679.0,37813,0.2553860177129577,0.0014877879173171623,0.7431261943697256
2017,101,247127.0,10.0,1505.0,34045,0.25382038620836644,0.0014981221186675998,0.7446814916729665
2017,102,211567.0,10.0,1199.0,34465,0.2523699291572861,0.0015101192820346828,0.7461199515606798
2017,103,175893.0,10.0,1111.0,29922,0.25076152694352366,0.0015244672054402354,0.7477140058510366
2017,104,144850.0,7.0,709.0,28307,0.2495220015497262,0.001536585470463395,0.748941412979811
2017,105,115827.0,5.0,618.0,25781,0.24817989472691734,0.0015473567932788753,0.7502727484798043
2017,106,89423.0,3.0,436.0,20981,0.24696151719781279,0.0015556828356189975,0.7514827999665687
2017,107,68003.0,0.0,323.0,22658,0.24578850174180505,0.0015556828356189975,0.7526558154225764
2017,108,45022.0,1.0,159.0,19964,0.2449150141073444,0.0015611421333343767,0.7535238437593217
2017,109,24898.0,0.0,3.0,24637,0.24488550390402197,0.0015611421333343767,0.7535533539626441
2017,110,258.0,0.0,0.0,258,0.24488550390402197,0.0015611421333343767,0.7535533539626441
2018,0,1285434.0,0.0,962.0,5,0.9992516146297671,0.0,0.000748385370232933
2018,1,1284467.0,0.0,2284.0,10,0.9974747759193804,0.0,0.0025252240806197222
2018,2,1282173.0,0.0,3046.0,33,0.9951051205238522,0.0,0.004894879476147808
2018,3,1279094.0,0.0,3873.0,131,0.9920920173963347,0.0,0.007907982603665317
2018,4,1275090.0,0.0,5035.0,271,0.988174503097273,0.0,0.011825496902726986
2018,5,1269784.0,0.0,7860.0,320,0.9820576740977387,0.0,0.017942325902261212
2018,6,1261604.0,1.0,11864.0,335,0.9728217218471358,7.784199115552414e-07,0.027177499732952595
2018,7,1249404.0,1.0,13424.0,305,0.9623686325215071,1.5570485391625931e-06,0.03762981042995368
2018,8,1235674.0,1.0,15250.0,257,0.9504908362624731,2.3358693547834665e-06,0.049506827868172
2018,9,1220166.0,2.0,17263.0,196,0.9370416627171755,3.893839067531524e-06,0.06295444344375686
2018,10,1202705.0,7.0,19178.0,96,0.9220944027496614,9.347621698368036e-06,0.0778962496286401
2018,11,1183424.0,10.0,21477.0,77,0.905352269387585,1.7139371762163103e-05,0.09463059124065276
2018,12,1161860.0,11.0,23971.0,52,0.8866648559948758,2.5710864853640075e-05,0.11330943314027045
2018,13,1137826.0,10.0,24825.0,35,0.8673118778605804,3.3503487416271584e-05,0.13265461865200318
2018,14,1112956.0,15.0,25754.0,38,0.8472304372819868,4.519278885128672e-05,0.15272436992916183
2018,15,1087149.0,20.0,27033.0,40,0.82614765560276,6.0779068878808e-05,0.173791565328361
2018,16,1060056.0,20.0,27546.0,38,0.8046642752206428,7.636593703676871e-05,0.19525935884232026
2018,17,1032452.0,16.0,28867.0,36,0.7821536710848594,8.883589051017986e-05,0.21775749302463024
2018,18,1003533.0,18.0,29217.0,40,0.7593679106024779,0.00010286509142288276,0.24052922430609913
2018,19,974258.0,17.0,29519.0,38,0.7363466055605333,0.00011611543628044834,0.2635372790031861
2018,20,944684.0,21.0,30014.0,29,0.7129354222463133,0.00013248416774702467,0.2869320935859395
2018,21,914620.0,27.0,31050.0,45,0.6887112700113429,0.00015353034692597382,0.31113519964173103
2018,22,883498.0,26.0,31785.0,39,0.663913710525831,0.00017379807024882788,0.3359124914039201
2018,23,851648.0,22.0,33619.0,46,0.637688414234641,0.000190948467633156,0.36212063729772587
2018,24,817961.0,16.0,35006.0,35,0.6103850053394423,0.00020342218536267397,0.38941157247519503
2018,25,782904.0,19.0,34132.0,38,0.5837594442012347,0.00021823538736630329,0.416022320411399
2018,26,748715.0,17.0,33037.0,37,0.5579878426323766,0.00023148997763285464,0.4417806673899906
2018,27,715624.0,19.0,31558.0,43,0.5333665581215126,0.00024630469738794273,0.46638713718109953
2018,28,684004.0,20.0,29843.0,43,0.5100802534724422,0.0002619001195820092,0.4896578464079758
2018,29,654098.0,20.0,28239.0,30,0.48804325307972163,0.0002774965670095336,0.5116792503532689
2018,30,625809.0,18.0,27233.0,25,0.46679129491089455,0.0002915340425898384,0.5329171710465156
2018,31,598533.0,24.0,26081.0,37,0.44643220568164754,0.00031025145846809654,0.5532575428598844
2018,32,572391.0,19.0,24415.0,41,0.42737508473875124,0.00032507037055433006,0.5722998448906945
2018,33,547916.0,21.0,23098.0,37,0.40934223922214796,0.0003414503937321781,0.5903163103841199
2018,34,524760.0,12.0,21815.0,36,0.39231595471970526,0.00035081106693643483,0.6073332342133584
2018,35,502897.0,18.0,20781.0,55,0.3760904064618808,0.00036485308187180865,0.6235447404562475
2018,36,482043.0,17.0,19342.0,48,0.36098649627400226,0.00037811649801902365,0.6386353872279789
2018,37,462636.0,21.0,17696.0,64,0.34716224188289024,0.00039450241788205646,0.6524432556992278
2018,38,444855.0,20.0,15717.0,70,0.3348811790635198,0.0004101103009847704,0.6647087106354955
2018,39,429048.0,20.0,14343.0,98,0.3236705490759908,0.0004257207305433988,0.6759037301934658
2018,40,414587.0,16.0,12900.0,107,0.3135869506711554,0.0004382120261827118,0.685974837302662
2018,41,401564.0,17.0,11519.0,83,0.3045783267333959,0.0004514875642324614,0.6949701857023717
2018,42,389945.0,21.0,10585.0,123,0.29629418991067885,0.0004678902488710677,0.7032379198404501
2018,43,379216.0,16.0,9169.0,164,0.2891176410985781,0.00048039158594168405,0.7104019673154802
2018,44,369867.0,15.0,8296.0,240,0.28262109851659517,0.0004921167861257467,0.7168867846972791
2018,45,361316.0,23.0,7299.0,292,0.2768938357235317,0.0005101073685131352,0.7225960569079551
2018,46,353702.0,13.0,6379.0,364,0.27188989060039187,0.000520284353275466,0.7275898250463326
2018,47,346946.0,18.0,5545.0,541,0.2675303549337176,0.0005343903468041624,0.7319352547194782
2018,48,340842.0,19.0,4609.0,687,0.26389779062933827,0.0005493036401886062,0.735552905730473
2018,49,335527.0,11.0,4077.0,789,0.26068250790069725,0.0005579553305053996,0.7387595367687972
2018,50,330650.0,28.0,3418.0,690,0.2579657018452737,0.0005800303651983362,0.7414542677895278
2018,51,326514.0,22.0,2994.0,435,0.2555828804141395,0.0005974116886349914,0.7438197078972254
2018,52,323063.0,19.0,2858.0,338,0.2533068167765472,0.0006124430439058478,0.7460807401795468
2018,53,319848.0,22.0,2649.0,351,0.2511914916608355,0.0006298661635410621,0.7481786421756234
2018,54,316826.0,23.0,2457.0,251,0.24922525499049,0.0006481014229837821,0.7501266435865261
2018,55,314095.0,25.0,2278.0,278,0.24739789141500138,0.0006679381964910403,0.7519341703885075
2018,56,311514.0,21.0,2264.0,285,0.24558319229430928,0.00068461595646239,0.7537321917492282
2018,57,308944.0,25.0,2178.0,275,0.24383200187590218,0.0007044887483190299,0.7554635093757787
2018,58,306466.0,23.0,2206.0,247,0.24205855381908223,0.0007227881226155122,0.7572186580583021
2018,59,303990.0,29.0,2076.0,186,0.24038240244637532,0.000745879994258505,0.758871717559366
2018,60,301699.0,29.0,2164.0,225,0.23863510262580945,0.0007689861022368042,0.7605959112719536
2018,61,299281.0,18.0,2085.0,190,0.23695825170369253,0.0007833386065630547,0.7622584096897442
2018,62,296988.0,30.0,2031.0,206,0.23531383860699734,0.0008072747506197533,0.7638788866423827
2018,63,294721.0,33.0,2033.0,150,0.2336642839754575,0.0008336229126917838,0.7655020931118505
2018,64,292505.0,23.0,1945.0,191,0.2320921696154852,0.0008519962004353626,0.7670558341840792
2018,65,290346.0,29.0,1774.0,139,0.23065091613923028,0.0008751777593989752,0.7684739061013706
2018,66,288404.0,23.0,1753.0,168,0.2292305612652921,0.0008935719948159677,0.7698758667398917
2018,67,286460.0,18.0,1709.0,140,0.22784858409813033,0.0009079759259155112,0.7712434399759539
2018,68,284593.0,31.0,1780.0,164,0.2263986756822462,0.0009327948993514076,0.7726685294184021
2018,69,282618.0,27.0,1711.0,155,0.22500640449521728,0.0009544239684249296,0.7740391715363576
2018,70,280725.0,21.0,1806.0,171,0.22354202939142262,0.000971255866169696,0.7754867147424075
2018,71,278727.0,27.0,1876.0,151,0.22201580307702942,0.0009929101543928263,0.7769912867685775
2018,72,276673.0,27.0,1854.0,145,0.22050639765767918,0.0010145762608906768,0.7784790260814299
2018,73,274647.0,17.0,1816.0,136,0.2190347332051036,0.0010282250856008704,0.7799370417092953
2018,74,272678.0,21.0,1733.0,144,0.21762579327580328,0.001045093807673451,0.7813291129165231
2018,75,270780.0,26.0,1773.0,116,0.2161799375918415,0.001065989998770175,0.7827540724093881
2018,76,268865.0,18.0,1689.0,179,0.21480743037271938,0.0010804628341211991,0.7841121067931592
2018,77,266979.0,19.0,1692.0,192,0.21343078459395878,0.0010957499584908375,0.7854734654475501
2018,78,265076.0,26.0,1680.0,164,0.2120571675236948,0.0011166843335358922,0.7868261481427691
2018,79,263206.0,22.0,1713.0,149,0.2106593301428843,0.0011344090726585615,0.7882062607844569
2018,80,261322.0,22.0,1750.0,153,0.20923086896084378,0.0011521439180337822,0.7896169871211222
2018,81,259397.0,14.0,1669.0,139,0.20787335305872812,0.0011634363854310607,0.7909632105558405
2018,82,257575.0,12.0,1807.0,145,0.20640534712176287,0.001173120866598506,0.7924215320116383
2018,83,255611.0,17.0,1872.0,115,0.20487998357828074,0.0011868483309919397,0.793933168090727
2018,84,253607.0,20.0,1801.0,116,0.20340886310409806,0.0012030056124217332,0.7953881312834798
2018,85,251670.0,22.0,1864.0,334,0.20188452919137773,0.0012207868139486938,0.7968946839946732
2018,86,249450.0,21.0,1685.0,14082,0.20050383162953972,0.0012377825049209085,0.798258385865539
2018,87,233662.0,15.0,1594.0,15664,0.19912315926907062,0.001250653906665493,0.7996261868242635
2018,88,216389.0,10.0,1458.0,19089,0.197772292090947,0.0012598559991595232,0.8009678519098931
2018,89,195832.0,12.0,1310.0,18340,0.19643719379166888,0.0012719748944631066,0.8022908313138676
2018,90,176170.0,12.0,1099.0,21772,0.19519838058679548,0.0012853554151278056,0.8035162639980763
2018,91,153287.0,5.0,1001.0,20191,0.19391732237004966,0.0012917225036802203,0.8047909551262697
2018,92,132090.0,4.0,639.0,20416,0.19297335357389594,0.0012975947823499166,0.8057290516437537
2018,93,111031.0,6.0,501.0,22418,0.19209218083599422,0.0013080228620883985,0.806599796301917
2018,94,88106.0,5.0,356.0,22292,0.1913051143787519,0.0013189240595571292,0.8073759615616907
2018,95,65453.0,3.0,256.0,23701,0.19054811279556857,0.0013276924176634994,0.8081241947867676
2018,96,41493.0,0.0,141.0,20478,0.1899005991449727,0.0013276924176634994,0.8087717084373635
2018,97,20874.0,0.0,0.0,20685,0.1899005991449727,0.0013276924176634994,0.8087717084373635
2018,98,189.0,0.0,0.0,189,0.1899005991449727,0.0013276924176634994,0.8087717084373635
2019,0,1781144.0,0.0,1030.0,13,0.9994217199732307,0.0,0.0005782800267693123
2019,1,1780101.0,0.0,2771.0,36,0.9978659669086316,0.0,0.002134033091368356
2019,2,1777294.0,0.0,4170.0,59,0.9955247104355838,0.0,0.0044752895644161435
2019,3,1773065.0,0.0,6197.0,142,0.9920452741878606,0.0,0.00795472581213933
2019,4,1766726.0,0.0,9335.0,255,0.9868035204385278,0.0,0.013196479561472095
2019,5,1757136.0,0.0,18187.0,422,0.9765897432316324,0.0,0.023410256768367582
2019,6,1738527.0,0.0,31723.0,483,0.9587698552318848,0.0,0.04123014476811511
2019,7,1706321.0,1.0,37780.0,511,0.9375409751439554,5.618930173348888e-07,0.062458462963027206
2019,8,1668029.0,1.0,42294.0,341,0.9137684294965395,1.1239581703651752e-06,0.08623044654529013
2019,9,1625393.0,0.0,46100.0,265,0.8878517898901239,1.1239581703651752e-06,0.11214708615170561
2019,10,1579028.0,4.0,50484.0,220,0.8594635275110067,3.3730678502191715e-06,0.1405330994211429
2019,11,1528320.0,4.0,55492.0,123,0.8282548880096255,5.622501286962803e-06,0.1717394894890873
2019,12,1472701.0,6.0,59328.0,124,0.7948851303159978,8.996933251127798e-06,0.20510587275075076
2019,13,1413243.0,6.0,61107.0,79,0.7605118378468319,1.237166129287008e-05,0.23947579049187503
2019,14,1352051.0,6.0,60327.0,73,0.7265752772342419,1.5746586519123374e-05,0.27340897617923876
2019,15,1291645.0,6.0,56801.0,59,0.6946202417764763,1.9121702486285754e-05,0.3053606365210371
2019,16,1234779.0,5.0,52637.0,57,0.6650066843968989,2.1934433516601608e-05,0.33497138116958425
2019,17,1182080.0,7.0,49200.0,46,0.6373241384447483,2.5872446841231323e-05,0.36264998910841023
2019,18,1132827.0,10.0,45290.0,69,0.6118385316649425,3.149840860277786e-05,0.38812996992645454
2019,19,1087458.0,6.0,42025.0,40,0.5881905513986617,3.487419984252198e-05,0.4117745744014956
2019,20,1045387.0,10.0,39389.0,34,0.5660225700342906,4.0500733857185085e-05,0.4339369292318521
2019,21,1005954.0,12.0,37502.0,32,0.5449144769283768,4.725280287864281e-05,0.45503827026874444
2019,22,968408.0,6.0,35526.0,36,0.5249209399127603,5.062894894679823e-05,0.47502843113829274
2019,23,932840.0,5.0,34984.0,41,0.505232184320582,5.3442512579965554e-05,0.49471437316683786
2019,24,897810.0,7.0,33087.0,50,0.48660891892154956,5.738168154694529e-05,0.5133336993969033
2019,25,864666.0,7.0,29013.0,70,0.47027730552735647,6.132107829950737e-05,0.5296613733943438
2019,26,835576.0,16.0,25380.0,86,0.4559839767922411,7.032616806804752e-05,0.5439456970396906
2019,27,810094.0,14.0,21839.0,88,0.44368340692647146,7.820645810240325e-05,0.556238386615426
2019,28,788153.0,9.0,19224.0,98,0.43285636831161267,8.327292446405923e-05,0.5670603587639231
2019,29,768822.0,7.0,17161.0,101,0.42319057033604257,8.721401170945712e-05,0.5767222156522479
2019,30,751553.0,16.0,14975.0,107,0.414749316239648,9.622342172495394e-05,0.585154460338627
2019,31,736455.0,13.0,13375.0,122,0.4072095971178871,0.00010354463091100798,0.5926868582512018
2019,32,722945.0,14.0,11447.0,100,0.40075401724311366,0.00011143034055648644,0.5991345524163298
2019,33,711384.0,10.0,9942.0,122,0.3951476162281858,0.00011706378209077894,0.6047353199897234
2019,34,701310.0,10.0,8831.0,137,0.39016622415467567,0.00012269820361946363,0.6097110776417048
2019,35,692332.0,10.0,7928.0,121,0.3856927352976825,0.00012833374009841702,0.6141789309622191
2019,36,684273.0,12.0,6777.0,133,0.3818660930365733,0.00013509757971151323,0.6179988093837152
2019,37,677351.0,14.0,5808.0,127,0.37858385916719256,0.00014299027537817945,0.6212731505574293
2019,38,671402.0,20.0,5012.0,184,0.37574646222865304,0.00015426768769351935,0.6240992700836534
2019,39,666186.0,15.0,4462.0,214,0.37322131623129245,0.0001627280830387079,0.6266159556856689
2019,40,661495.0,14.0,4158.0,244,0.37086743701630676,0.0001706270065789283,0.6289619359771144
2019,41,657079.0,19.0,4140.0,340,0.3685200211491875,0.00018135095499808313,0.6312986278958144
2019,42,652580.0,25.0,4029.0,367,0.36623067705997425,0.00019546876511903334,0.6335738541749067
2019,43,648159.0,25.0,4139.0,438,0.363877883163295,0.00020959456901360141,0.6359125222676915
2019,44,643557.0,21.0,3867.0,418,0.36167954298559685,0.00022146831997339083,0.6380989886944298
2019,45,639251.0,17.0,3843.0,554,0.359495607354797,0.00023108668933183554,0.6402733059558712
2019,46,634837.0,21.0,3796.0,525,0.35733411592743336,0.0002429785730034721,0.6424229054995632
2019,47,630495.0,25.0,3712.0,666,0.35521616480772455,0.0002571473656159208,0.6445266878266596
2019,48,626092.0,27.0,3510.0,666,0.35320943165201435,0.0002724659393236324,0.646518102408662
2019,49,621889.0,29.0,3455.0,854,0.35123065141972915,0.00028893684252003627,0.6484804117377508
2019,50,617551.0,32.0,3393.0,601,0.3492826908770168,0.0003071367658388089,0.6504101723571445
2019,51,613525.0,23.0,3187.0,404,0.3474552226602119,0.00032023077486887513,0.6522245465649193
2019,52,609911.0,24.0,3068.0,324,0.34569376640107674,0.00033390313910537043,0.653972330459818
2019,53,606495.0,22.0,3192.0,346,0.343861830828297,0.000346442834998698,0.6557917263367044
2019,54,602935.0,25.0,3191.0,292,0.34202770335527954,0.0003607006667230255,0.6576115959779976
2019,55,599427.0,35.0,3233.0,326,0.34016301168379154,0.000380671354759158,0.6594563169614495
2019,56,595833.0,23.0,3277.0,311,0.3382790308727983,0.00039380213010850454,0.6613271669970933
2019,57,592222.0,25.0,3401.0,290,0.3363220891182363,0.0004080822071266159,0.6632698286746371
2019,58,588506.0,25.0,3299.0,241,0.33442247445971285,0.0004223693209843436,0.6651551562193029
2019,59,584941.0,17.0,3318.0,238,0.332515788225848,0.0004320885611569681,0.6670521232129951
2019,60,581368.0,23.0,3299.0,245,0.3306157568369751,0.00044524350454771975,0.6689389996584773
2019,61,577801.0,22.0,3234.0,256,0.3287526847684581,0.00045783182933499674,0.670789483402207
2019,62,574289.0,14.0,3011.0,278,0.3270210185317296,0.0004658461524140709,0.6725131353158564
2019,63,570986.0,24.0,3037.0,242,0.32526789089335384,0.0004795916811043742,0.6742525174255419
2019,64,567683.0,18.0,2913.0,275,0.32358850259353084,0.0004899052223520078,0.6759215921841173
2019,65,564477.0,21.0,3033.0,255,0.3218377859355968,0.0005019435490765052,0.6776602705153268
2019,66,561168.0,33.0,3029.0,304,0.32008168562243783,0.0005208695158741036,0.6793974448616882
2019,67,557802.0,18.0,3118.0,263,0.3182821650647633,0.0005311983966260619,0.6811866365386108
2019,68,554403.0,20.0,3639.0,302,0.31618153710645147,0.0005426803750808958,0.6832757825184678
2019,69,550442.0,18.0,3591.0,262,0.3141084773337285,0.0005530198253189157,0.6853385028409528
2019,70,546571.0,29.0,3694.0,261,0.31196890926093745,0.0005696858135302883,0.6874614049255324
2019,71,542587.0,18.0,3626.0,252,0.30987373428375065,0.0005800351959642517,0.6895462305202853
2019,72,538691.0,29.0,3314.0,216,0.30795072481503744,0.000596717001107142,0.6914525581838556
2019,73,535132.0,20.0,3261.0,1395,0.306062618089747,0.0006082263380488699,0.6933291555722044
2019,74,530456.0,21.0,2786.0,62943,0.30444303462009464,0.0006203429226098603,0.6949366224572958
2019,75,464706.0,22.0,2509.0,61560,0.30278489953979987,0.0006347557917392499,0.6965803446684612
2019,76,400615.0,19.0,2053.0,71284,0.30121888151290005,0.0006491159956538717,0.6981320024914464
2019,77,327259.0,12.0,1696.0,68392,0.29964678769844716,0.000660161151258927,0.6996930511502942
2019,78,257159.0,15.0,1258.0,55759,0.29816346274874633,0.0006776394499592513,0.7011588978012948
2019,79,200127.0,15.0,1013.0,48379,0.2966318751083694,0.0006999875186417939,0.7026681373729892
2019,80,150720.0,13.0,639.0,35944,0.29534867458706726,0.0007255728051094744,0.7039257526078236
2019,81,114124.0,8.0,503.0,33277,0.29402622556044716,0.0007462765080702586,0.705227497931483
2019,82,80336.0,6.0,332.0,26431,0.29278916043099795,0.0007682362440959841,0.7064426033249065
2019,83,53567.0,8.0,213.0,21361,0.29158120769040674,0.0008119630401354857,0.7076068292694582
2019,84,31985.0,0.0,96.0,17537,0.29070605383896764,0.0008119630401354857,0.7084819831208973
2019,85,14352.0,0.0,0.0,14232,0.29070605383896764,0.0008119630401354857,0.7084819831208973
2019,86,120.0,0.0,0.0,120,0.29070605383896764,0.0008119630401354857,0.7084819831208973
2020,0,3913741.0,0.0,1620.0,28,0.9995860737846475,0.0,0.0004139262153525233
2020,1,3912093.0,0.0,5387.0,37,0.998209631512064,0.0,0.0017903684879359962
2020,2,3906669.0,0.0,9678.0,78,0.9957367645213427,0.0,0.004263235478657185
2020,3,3896913.0,0.0,14348.0,252,0.9920705725644393,0.0,0.007929427435560566
2020,4,3882313.0,0.0,20921.0,699,0.9867245047825215,0.0,0.013275495217478363
2020,5,3860693.0,0.0,33503.0,1115,0.9781617335174329,0.0,0.021838266482566995
2020,6,3826075.0,0.0,52913.0,991,0.9646341702036954,0.0,0.03536582979630442
2020,7,3772171.0,0.0,57651.0,891,0.9498914333165253,0.0,0.05010856668347449
2020,8,3713629.0,1.0,59415.0,780,0.9346936983241675,2.557852260730744e-07,0.0653060458906062
2020,9,3653433.0,2.0,59341.0,622,0.9195113949564443,7.674648973981911e-07,0.08048783757865809
2020,10,3593468.0,3.0,59179.0,444,0.9043676609990771,1.535117255752108e-06,0.0956308038836669
2020,11,3533842.0,3.0,59138.0,347,0.8892325169153443,2.302866063705953e-06,0.11076518021859173
2020,12,3474354.0,2.0,58449.0,224,0.874272461075836,2.81474972145375e-06,0.12572472417444222
2020,13,3415679.0,1.0,55681.0,176,0.8600201735577101,3.0707083349756397e-06,0.13997675573395457
2020,14,3359821.0,1.0,50728.0,144,0.8470349688743627,3.3266803565677752e-06,0.15296170444528043
2020,15,3308948.0,6.0,47716.0,111,0.8348189404615189,4.86257932302061e-06,0.16517619695915767
2020,16,3261115.0,5.0,44329.0,84,0.823469796715769,6.142538693452991e-06,0.17652406074553706
2020,17,3216697.0,5.0,40556.0,65,0.8130862391644709,7.422531488415913e-06,0.1869063383040403
2020,18,3176071.0,5.0,35512.0,76,0.8039937522659083,8.702550479119318e-06,0.19599754518361218
2020,19,3140478.0,7.0,31132.0,63,0.7960218570793132,1.0494620433394227e-05,0.2039676483002531
2020,20,3109276.0,5.0,27411.0,79,0.7890029448844207,1.1774696337044005e-05,0.21098528041924192
2020,21,3081781.0,3.0,24165.0,75,0.782815411386107,1.2542761567718496e-05,0.21717204585232494
2020,22,3057538.0,6.0,20806.0,86,0.777486956157826,1.4078929709640736e-05,0.22249896491246396
2020,23,3036640.0,5.0,20653.0,105,0.7721977794558434,1.535910608247029e-05,0.2277868614380737
2020,24,3015877.0,8.0,18672.0,99,0.7674148740123405,1.7407459591465103e-05,0.2325677185280676
2020,25,2997098.0,6.0,15502.0,110,0.7634440095740795,1.89437754690487e-05,0.23653704665045108
2020,26,2981480.0,20.0,13737.0,90,0.7599213633582033,2.406501733264718e-05,0.2400545716244637
2020,27,2967633.0,8.0,12675.0,95,0.7566736293387095,2.6113576203257402e-05,0.24330025708508676
2020,28,2954855.0,10.0,11891.0,88,0.7536260439706424,2.8674357119203225e-05,0.24634528167223793
2020,29,2942866.0,11.0,11578.0,104,0.7506582662248749,3.1491300358778885e-05,0.24931024247476585
2020,30,2931173.0,10.0,11384.0,92,0.7477403216732,3.405224871025754e-05,0.2522256260780892
2020,31,2919687.0,12.0,11410.0,149,0.7448151142950971,3.712548356730845e-05,0.25514776022133506
2020,32,2908116.0,17.0,11253.0,199,0.7419286866773178,4.147945601648746e-05,0.2580298338666651
2020,33,2896647.0,21.0,11362.0,269,0.7390131176623678,4.6858262070598876e-05,0.260940024075561
2020,34,2884995.0,19.0,11112.0,298,0.7361618284876206,5.172525464271251e-05,0.26378644625773606
2020,35,2873566.0,18.0,10922.0,322,0.7333591747801176,5.633656787260776e-05,0.2665844886520092
2020,36,2862304.0,21.0,10401.0,394,0.7306889240591745,6.171703852505505e-05,0.26924935890229984
2020,37,2851488.0,22.0,9906.0,390,0.7281448910356936,6.735450090585476e-05,0.2717877544633999
2020,38,2841170.0,13.0,9498.0,375,0.725707379004157,7.068618594528008e-05,0.274221934809897
2020,39,2831284.0,16.0,9357.0,395,0.723304915929663,7.478726448917271e-05,0.2766202968058472
2020,40,2821516.0,17.0,9739.0,405,0.7208039332098025,7.914527045858924e-05,0.27911692151973827
2020,41,2811355.0,16.0,9827.0,450,0.7182802842524193,8.324751401422587e-05,0.28163646823356586
2020,42,2801062.0,18.0,9993.0,451,0.7157131493851258,8.786327943339315e-05,0.28419898733544025
2020,43,2790600.0,13.0,10171.0,448,0.7131012298289952,9.119742654942793e-05,0.28680757274445484
2020,44,2779968.0,20.0,10382.0,407,0.710432969261722,9.632771027808232e-05,0.2894707030279993
2020,45,2769159.0,20.0,10852.0,482,0.7076437371368012,0.00010145874803547886,0.2922548041151627
2020,46,2757805.0,30.0,10781.0,442,0.7048696699195084,0.0001091566498501844,0.2950211734306407
2020,47,2746552.0,30.0,10812.0,403,0.7020872004955662,0.0001168557904809044,0.2977959437139522
2020,48,2735307.0,24.0,10462.0,483,0.699395697719316,0.00012301601045324885,0.30048128627023
2020,49,2724338.0,21.0,10225.0,449,0.6967653308856734,0.00012840715856046083,0.30310626195576534
2020,50,2713643.0,29.0,9959.0,414,0.6942007738953523,0.00013585330921317548,0.3056633727954338
2020,51,2703241.0,11.0,10045.0,407,0.691618361530975,0.00013867814374063673,0.30824296032528364
2020,52,2692778.0,29.0,10043.0,395,0.6890314493765605,0.00014612656038857366,0.3108224240630502
2020,53,2682311.0,22.0,10097.0,474,0.6864320829212011,0.0001517779154649553,0.3134161391633332
2020,54,2671718.0,35.0,10371.0,434,0.6837585177264919,0.00016077030272373114,0.31608071197078363
2020,55,2660878.0,26.0,10877.0,458,0.6809568037363083,0.00016745145137499917,0.318875744812316
2020,56,2649517.0,34.0,12538.0,495,0.677725652950496,0.0001761898483458563,0.32209815720115736
2020,57,2636450.0,18.0,11854.0,461,0.6746738374592756,0.0001808169270892836,0.32514534561363445
2020,58,2624117.0,30.0,12387.0,443,0.6714813635567278,0.00018853007978932642,0.32833010636348214
2020,59,2611257.0,23.0,11868.0,445,0.6684236082710348,0.0001944445000711312,0.3313819472288934
2020,60,2598921.0,21.0,11610.0,423,0.6654321995334085,0.00019984554757264885,0.33436795491901816
2020,61,2586867.0,25.0,11248.0,14154,0.6625323917020278,0.00020627641741958542,0.33726133188055185
2020,62,2561440.0,30.0,9843.0,320700,0.6599786788283029,0.0002140361040611077,0.3398072850676353
2020,63,2230867.0,18.0,8214.0,303421,0.6575433276916754,0.00021936121587589068,0.3422373110924479
2020,64,1919214.0,15.0,6970.0,333293,0.6551501916766577,0.0002245003769675538,0.344625307946374
2020,65,1578936.0,24.0,5678.0,305293,0.6527842525930341,0.00023445873158119222,0.34698128867538397
2020,66,1267941.0,11.0,4410.0,271288,0.6505081536414947,0.0002401219499632174,0.34925172440854135
2020,67,992232.0,10.0,3300.0,241212,0.6483381147911519,0.000246677958574525,0.35141520725027287
2020,68,747710.0,6.0,2240.0,223768,0.6463906118744851,0.00025188054873481026,0.35335750757677936
2020,69,521696.0,5.0,1567.0,161195,0.6444428759480707,0.00025807563755928355,0.3552990484143693
2020,70,358929.0,2.0,1053.0,140856,0.6425486650202125,0.00026166655874953603,0.3571896684210373
2020,71,217018.0,3.0,604.0,104385,0.6407514544677824,0.0002705489832261262,0.35897799654899076
2020,72,112026.0,3.0,290.0,61706,0.6390755919344503,0.00028770798527389497,0.3606367000802751
2020,73,50027.0,0.0,1.0,49687,0.6390628173209029,0.00028770798527389497,0.36064947469382247
2020,74,339.0,0.0,0.0,339,0.6390628173209029,0.00028770798527389497,0.36064947469382247
2021,0,4096369.0,0.0,2103.0,32,0.99948661851508,0.0,0.0005133814849199377
2021,1,4094234.0,0.0,5959.0,43,0.998031904212055,0.0,0.001968095787944963
2021,2,4088232.0,0.0,9111.0,93,0.9958076985702823,0.0,0.004192301429717747
2021,3,4079028.0,0.0,12089.0,292,0.9928564270251945,0.0,0.0071435729748054845
2021,4,4066647.0,0.0,14932.0,661,0.9892108359108587,0.0,0.010789164089141252
2021,5,4051054.0,0.0,19624.0,1005,0.9844189290530595,0.0,0.015581070946940405
2021,6,4030425.0,0.0,25301.0,1233,0.978239237500935,0.0,0.021760762499064924
2021,7,4003891.0,1.0,25947.0,1137,0.9718995664822498,2.4432214500867653e-07,0.028100189195605054
2021,8,3976806.0,1.0,23951.0,909,0.9660458893311937,4.887141436332637e-07,0.03395362195466254
2021,9,3951945.0,2.0,22012.0,671,0.9606646063913409,9.776105677136563e-07,0.03933441599809134
2021,10,3929260.0,4.0,20364.0,519,0.9556848349577939,1.9555703936262615e-06,0.044313209471812415
2021,11,3908373.0,4.0,19726.0,380,0.9508604075570015,2.9336600846130672e-06,0.049136658782913845
2021,12,3888263.0,7.0,18759.0,239,0.9462712513172579,4.645484324099699e-06,0.05372410319841809
2021,13,3869258.0,4.0,17621.0,209,0.941960856196419,5.6237300252829836e-06,0.05803352007355575
2021,14,3851424.0,7.0,16181.0,155,0.9380016810082009,7.335752901334785e-06,0.061990983238897776
2021,15,3835081.0,8.0,15039.0,133,0.9343214168119217,9.292429552509978e-06,0.06566929075852573
2021,16,3819901.0,5.0,14403.0,152,0.9307973194666173,1.0515395038803893e-05,0.06919216513834399
2021,17,3805341.0,11.0,13744.0,183,0.9274328070275839,1.320602657856151e-05,0.0725539869458375
2021,18,3791403.0,15.0,13158.0,172,0.9242104979333055,1.6875246681360858e-05,0.0757726268200131
2021,19,3778058.0,10.0,12784.0,184,0.9210807553220066,1.9321504779921828e-05,0.07889992317321344
2021,20,3765080.0,16.0,12441.0,147,0.9180333026864593,2.3235709015994398e-05,0.08194346160452462
2021,21,3752476.0,11.0,12052.0,156,0.9150821217247938,2.5926829846494326e-05,0.08489195144535963
2021,22,3740257.0,18.0,11734.0,138,0.9122069061728919,3.0330665783716362e-05,0.08776276316132427
2021,23,3728367.0,26.0,13384.0,128,0.9089259269635548,3.6691997584071635e-05,0.091037381038861
2021,24,3714829.0,20.0,13431.0,156,0.9056348030266019,4.158549834528328e-05,0.09432361147505268
2021,25,3701222.0,18.0,13136.0,229,0.9024162119237142,4.5989834657581985e-05,0.097537798241628
2021,26,3687839.0,16.0,13056.0,384,0.8992174864038999,4.990504337216509e-05,0.10073260855272781
2021,27,3674383.0,34.0,12964.0,567,0.8960365363264915,5.822573137277161e-05,0.10390523794213555
2021,28,3660818.0,24.0,12719.0,618,0.8929175083981955,6.410006789314378e-05,0.10701839153391111
2021,29,3647457.0,24.0,12529.0,768,0.8898444650469175,6.9975399720649e-05,0.11008555955336165
2021,30,3634136.0,21.0,12509.0,801,0.886776403987277,7.51174014965829e-05,0.11314847861122626
2021,31,3620805.0,29.0,12498.0,892,0.8837083989406787,8.221983195490115e-05,0.11620938122736632
2021,32,3607386.0,28.0,12631.0,775,0.8806072989690676,8.907904668000653e-05,0.11930362198425225
2021,33,3593952.0,38.0,12402.0,813,0.8775591907029652,9.838998832887234e-05,0.12234241930870576
2021,34,3580699.0,28.0,12948.0,899,0.8743790272604189,0.0001052522399003345,0.1255157204996805
2021,35,3566824.0,38.0,13324.0,755,0.8711034373904805,0.00011456764291318176,0.1287819949666062
2021,36,3552707.0,32.0,13425.0,722,0.8678038579551475,0.0001224138598954703,0.13207372818495694
2021,37,3538528.0,38.0,13353.0,765,0.8645197913992584,0.0001317331436773976,0.1353484754570642
2021,38,3524372.0,37.0,13093.0,715,0.8612990346627186,0.00014080915275980222,0.13856015618452158
2021,39,3510527.0,44.0,12943.0,729,0.8581127066375631,0.00015160444290431886,0.14173568891953248
2021,40,3496811.0,45.0,12725.0,737,0.8549789658480947,0.00016264738225640004,0.14485838676964877
2021,41,3483304.0,45.0,12787.0,715,0.8518293440838839,0.00017369265808164075,0.14799696325803438
2021,42,3469757.0,50.0,12997.0,798,0.8486262905408657,0.0001859677157309788,0.1511877417434033
2021,43,3455912.0,51.0,13203.0,756,0.8453716669118992,0.00019849116563872647,0.15442984192246198
2021,44,3441902.0,61.0,14333.0,803,0.8418363309919544,0.0002134734840433835,0.15795019552400213
2021,45,3426705.0,52.0,13991.0,786,0.8383863965516918,0.00022624828934806587,0.16138735515896005
2021,46,3411876.0,73.0,14328.0,864,0.8348476974615898,0.0002441862820970033,0.16490811625631313
2021,47,3396611.0,51.0,14367.0,834,0.8313039198249982,0.0002567214922139525,0.16843935868278784
2021,48,3381359.0,54.0,14457.0,794,0.8277364041661815,0.0002699973412647483,0.17199359849255366
2021,49,3366054.0,58.0,14400.0,7573,0.8241810800592496,0.00028425995007662076,0.17553465999067372
2021,50,3344023.0,56.0,13558.0,213059,0.8208257199962576,0.00029806193065011504,0.1788762180730922
2021,51,3117350.0,38.0,12284.0,232225,0.8175812288349207,0.00030806766544404506,0.18211070349963526
2021,52,2872803.0,43.0,11204.0,268415,0.814380405081706,0.00032030518846247046,0.1852992897298315
2021,53,2593141.0,34.0,10078.0,290579,0.8112047140351388,0.000330982947123792,0.18846430301773734
2021,54,2292450.0,34.0,8450.0,295723,0.8082025718754956,0.0003430141627564971,0.19145441396174787
2021,55,1988243.0,21.0,7220.0,259225,0.8052591716860065,0.0003515504704459422,0.19438927784354756
2021,56,1721777.0,17.0,4696.0,277014,0.8030549451943317,0.0003595012131487789,0.1965855535925194
2021,57,1440050.0,17.0,3978.0,230019,0.8008271027541031,0.00036898139374549687,0.19880391585215137
2021,58,1206036.0,11.0,2987.0,254008,0.7988363830292716,0.000376285568853284,0.20078733140187502
2021,59,949030.0,11.0,1953.0,348290,0.797183205936588,0.0003855447073560942,0.20243124935605578
2021,60,598776.0,3.0,1051.0,309252,0.7957799581459999,0.0003895387712761741,0.20383050308272377
2021,61,288470.0,0.0,7.0,286996,0.7957606477854527,0.0003895387712761741,0.20384981344327086
2021,62,1467.0,0.0,0.0,1467,0.7957606477854527,0.0003895387712761741,0.20384981344327086
2022,0,1580753.0,0.0,1562.0,8,0.9990118633334872,0.0,0.0009881366665127316
2022,1,1579183.0,0.0,3483.0,22,0.9968084718836105,0.0,0.0031915281163893677
2022,2,1575678.0,0.0,3919.0,104,0.9943292265039633,0.0,0.00567077349603665
2022,3,1571655.0,0.0,4049.0,273,0.9917675707728297,0.0,0.008232429227170103
2022,4,1567333.0,0.0,4294.0,568,0.9890504392194849,0.0,0.010949560780514882
2022,5,1562471.0,0.0,4883.0,883,0.9859594805426782,0.0,0.01404051945732152
2022,6,1556705.0,1.0,5207.0,923,0.9826609255983142,6.333630845553129e-07,0.017338441038601035
2022,7,1550574.0,0.0,5299.0,778,0.9793027367954932,6.333630845553129e-07,0.0206966298414221
2022,8,1544497.0,2.0,4946.0,558,0.9761654112185163,1.9014817494610952e-06,0.0238326872997341
2022,9,1538991.0,2.0,4841.0,410,0.9730935484938277,3.17006020277046e-06,0.02690328144596942
2022,10,1533738.0,5.0,4773.0,338,0.9700621044175229,6.342354129418387e-06,0.02993155322834753
2022,11,1528622.0,7.0,5697.0,230,0.9664423513041976,1.0784547641563744e-05,0.03354686414816069
2022,12,1522688.0,8.0,6287.0,201,0.9624469467292224,1.5862107069649853e-05,0.03753719116370786
2022,13,1516192.0,3.0,6442.0,156,0.9583557956272051,1.7766444277726183e-05,0.0416264379285171
2022,14,1509591.0,11.0,6254.0,133,0.9543784937887572,2.4749735614187023e-05,0.04559675647562856
2022,15,1503193.0,9.0,6209.0,159,0.9504306803846377,3.0463843146685387e-05,0.049538855772215486
2022,16,1496816.0,17.0,6208.0,162,0.9464780028441823,4.125830389973642e-05,0.05348073885191789
2022,17,1490429.0,24.0,6049.0,163,0.9426214213422974,5.6499199016686224e-05,0.05732207945868578
2022,18,1484193.0,15.0,6077.0,176,0.9387523492614984,6.602580459974346e-05,0.0611816249339017
2022,19,1477925.0,11.0,5922.0,207,0.9349838104735569,7.301281398240935e-05,0.06494317671246055
2022,20,1471785.0,26.0,6116.0,264,0.9310819698080192,8.952988615824513e-05,0.06882850030582255
2022,21,1465379.0,20.0,6606.0,382,0.9268718991492012,0.00010223761528235595,0.07302586323551635
2022,22,1458371.0,30.0,7038.0,507,0.9223798113449412,0.00012130420188787406,0.0774988844531709
2022,23,1450796.0,25.0,7932.0,662,0.917320949755254,0.00013719857661983055,0.08254185166812604
2022,24,1442177.0,26.0,7874.0,763,0.9122960218143241,0.00015373631414694172,0.08755024187152886
2022,25,1433514.0,36.0,7904.0,821,0.9072429630976281,0.00017664690782465652,0.09258038999454714
2022,26,1424753.0,34.0,7576.0,819,0.902397127398968,0.00019829715930355803,0.09740457544172824
2022,27,1416324.0,28.0,7661.0,759,0.897498155474062,0.00021613708827967587,0.10228570743765819
2022,28,1407876.0,32.0,7397.0,771,0.89276228825492,0.0002365365701766398,0.10700117517490326
2022,29,1399676.0,38.0,7398.0,748,0.8880193474775804,0.0002607742987321676,0.11171987822368734
2022,30,1391492.0,49.0,7195.0,728,0.8833963872642787,0.00029204501248862575,0.11631156772323258
2022,31,1383520.0,43.0,7267.0,763,0.8787288525767413,0.00031950109888590514,0.12095164632437279
2022,32,1375447.0,44.0,8416.0,782,0.8733240306586308,0.0003476112838027915,0.12632835805756631
2022,33,1366205.0,67.0,8561.0,780,0.8678087238514367,0.0003904399296166542,0.1318008362189466
2022,34,1356797.0,62.0,8622.0,811,0.8622544287299662,0.0004300951918841777,0.13731547607814962
2022,35,1347302.0,77.0,8649.0,795,0.8566699108229954,0.0004793741145104392,0.14285071506249425
2022,36,1337781.0,83.0,8965.0,727,0.8508758762589476,0.0005325245199940785,0.14859159922105844
2022,37,1328006.0,85.0,9202.0,1385,0.8449255384872683,0.0005869854557744971,0.1544874760569574
2022,38,1317334.0,84.0,8363.0,52235,0.8395077127698709,0.0006408622594043514,0.1598514249707249
2022,39,1256652.0,88.0,7457.0,48591,0.8344672674494094,0.0006996507535329953,0.16483308179705783
2022,40,1200516.0,88.0,6718.0,64034,0.8297364815021495,0.000760818717588075,0.16950269978026267
2022,41,1129676.0,85.0,6104.0,78877,0.8251907187489205,0.0008232504244913665,0.17398603082658845
2022,42,1044610.0,78.0,5298.0,95482,0.8209439421490466,0.0008848666028377502,0.1781711912481159
2022,43,943752.0,65.0,4523.0,94466,0.8169529669706314,0.0009414083174404085,0.18210562471192857
2022,44,844698.0,36.0,3052.0,111905,0.8139663957203084,0.0009762258579234483,0.1850573784217685
2022,45,729705.0,31.0,2621.0,112543,0.8110081607055418,0.001010805528156391,0.18798103376630215
2022,46,614510.0,26.0,1983.0,131160,0.8083567548783666,0.0010451193915245122,0.19059812573010923
2022,47,481341.0,14.0,1279.0,164545,0.8061853103430834,0.0010686307786041441,0.19274605887831275
2022,48,315503.0,4.0,705.0,153729,0.8043736464760733,0.001078851731309419,0.19454750179261746
2022,49,161065.0,0.0,1.0,160419,0.8043686523827168,0.001078851731309419,0.19455249588597404
2022,50,645.0,0.0,0.0,645,0.8043686523827168,0.001078851731309419,0.19455249588597404
2023,0,931750.0,0.0,1431.0,5,0.998464180305876,0.0,0.0015358196941239602
2023,1,930314.0,0.0,3075.0,13,0.995163921087547,0.0,0.004836078912453007
2023,2,927226.0,0.0,3359.0,61,0.9915588068964727,0.0,0.008441193103527318
2023,3,923806.0,0.0,3378.0,218,0.987933061177462,0.0,0.012066938822537895
2023,4,920210.0,0.0,3339.0,417,0.9843483267241617,0.0,0.015651673275838277
2023,5,916454.0,0.0,4041.0,471,0.9800079543887337,0.0,0.019992045611266284
2023,6,911942.0,1.0,4934.0,409,0.9747046135458858,1.0746384686621886e-06,0.025294311815645523
2023,7,906598.0,3.0,4898.0,334,0.9694354343606367,4.300008302522022e-06,0.03056026563106068
2023,8,901363.0,1.0,5532.0,241,0.9634845729892276,5.375529967334797e-06,0.036510051480804946
2023,9,895589.0,2.0,7054.0,201,0.9558936499798875,7.527152135515129e-06,0.04409882286797698
2023,10,888332.0,5.0,7899.0,163,0.9473885151773125,1.290742465738695e-05,0.052598577398030075
2023,11,880265.0,3.0,8904.0,137,0.9378023229457864,1.6136185934425042e-05,0.062181540868279137
2023,12,871221.0,5.0,9341.0,122,0.9277420735828218,2.1518300937081007e-05,0.072236408116241
2023,13,861753.0,4.0,8499.0,127,0.9185879530266129,2.5824602504155666e-05,0.08138622237088289
2023,14,853123.0,6.0,7714.0,150,0.910275553762538,3.228501643996525e-05,0.08969216122102207
2023,15,845253.0,7.0,7805.0,233,0.9018626021066516,3.982350358681686e-05,0.09809757438976162
2023,16,837208.0,4.0,7761.0,328,0.8934979387191085,4.413240938851322e-05,0.10645792887150299
2023,17,829115.0,13.0,7483.0,376,0.8854198547999436,5.8141893239786456e-05,0.11452200330681665
2023,18,821243.0,9.0,6985.0,390,0.8778793016817181,6.784520723235564e-05,0.1220528531110495
2023,19,813859.0,15.0,6805.0,427,0.8705228224421087,8.402514690891604e-05,0.1293931524109824
2023,20,806612.0,30.0,8696.0,456,0.8611054295089142,0.00011640215676404249,0.13877816833432172
2023,21,797430.0,25.0,9588.0,403,0.8507248236954018,0.00014339842695418187,0.14913177787764398
2023,22,787414.0,23.0,10360.0,475,0.839506994390323,0.0001682477069326865,0.16032475790274434
2023,23,776556.0,45.0,11554.0,439,0.8269677291886719,0.0002168956019300396,0.17281537520939805
2023,24,764518.0,47.0,11907.0,443,0.814037265504728,0.0002677348016243144,0.1856949996936476
2023,25,752121.0,41.0,11831.0,864,0.8011879361866101,0.0003121100123759007,0.1984999538010139
2023,26,739385.0,43.0,10739.0,40606,0.7895047017039467,0.0003587042511770993,0.21013659404487603
2023,27,687997.0,53.0,9487.0,39452,0.7785571614468588,0.00041952391927203164,0.22102331463386893
2023,28,639005.0,39.0,8216.0,50412,0.7684993538119518,0.00046704112069678966,0.2310336050673513
2023,29,580338.0,50.0,7022.0,54367,0.7591344191873742,0.0005332524797506472,0.24033232833287504
2023,30,518899.0,42.0,5479.0,71104,0.751057353846463,0.0005946972803878998,0.248347948873149
2023,31,442274.0,28.0,4655.0,67832,0.7431048140452018,0.0006422460983326602,0.2562529398564654
2023,32,369759.0,19.0,3197.0,77713,0.7366416175253893,0.0006804304061300602,0.26267795206848055
2023,33,288830.0,30.0,2352.0,79394,0.7305664856729311,0.0007569434017529584,0.26867657092531577
2023,34,207054.0,11.0,1708.0,60221,0.7245011897169401,0.0007957556504533083,0.27470305463260647
2023,35,145114.0,6.0,977.0,60365,0.7195934298213288,0.0008257114585648733,0.2795808587201063
2023,36,83766.0,5.0,499.0,44964,0.7152638081534689,0.0008686640544761815,0.2838675277920549
2023,37,38298.0,0.0,4.0,38034,0.715189103071412,0.0008686640544761815,0.28394223287411174
2023,38,260.0,0.0,0.0,260,0.715189103071412,0.0008686640544761815,0.28394223287411174
2024,0,1048649.0,0.0,1635.0,16,0.9984408510378592,0.0,0.0015591489621408117
2024,1,1046998.0,0.0,3301.0,40,0.995292943162891,0.0,0.004707056837109029
2024,2,1043657.0,0.0,3818.0,83,0.9916518729099286,0.0,0.00834812709007137
2024,3,1039756.0,0.0,4223.0,115,0.9876242492565921,0.0,0.012375750743407951
2024,4,1035418.0,0.0,4756.0,290,0.9830877809612134,0.0,0.016912219038786584
2024,5,1030372.0,0.0,6624.0,461,0.9767677592010267,0.0,0.02323224079897327
2024,6,1023287.0,0.0,8199.0,623,0.9689414906588785,0.0,0.031058509341121483
2024,7,1014465.0,1.0,7530.0,651,0.9617484397737794,9.551255988712065e-07,0.03825060510062167
2024,8,1006283.0,2.0,9301.0,547,0.9528571579621862,2.866612605555766e-06,0.047139975425208216
2024,9,996433.0,3.0,8784.0,412,0.944454429583044,5.735417105092171e-06,0.05553983499985081
2024,10,987234.0,3.0,9296.0,309,0.9355583808846679,8.605418835937271e-06,0.06443301369649616
2024,11,977626.0,3.0,10736.0,246,0.9252814841446871,1.1476327693367416e-05,0.0747070395276195
2024,12,966641.0,6.0,12548.0,256,0.9132646301606824,1.7219606640637523e-05,0.08671815023267705
2024,13,953831.0,7.0,13686.0,1064,0.9001539925521436,2.3921897099979667e-05,0.09982208555075656
2024,14,939074.0,11.0,12862.0,71764,0.8878145152094382,3.446600109825199e-05,0.1121510187894637
2024,15,854437.0,10.0,12436.0,72590,0.8748823277499805,4.4856638619911726e-05,0.12507281561139974
2024,16,769401.0,16.0,11438.0,101623,0.8618580371888189,6.305016480976551e-05,0.13807891264637145
2024,17,656324.0,11.0,11138.0,88292,0.8472176229168769,7.749491832948597e-05,0.15270488216479386
2024,18,556883.0,10.0,9530.0,86514,0.8327038810310103,9.270848424758505e-05,0.16720341048474227
2024,19,460829.0,15.0,8056.0,74267,0.8181198313644283,0.00011981302457700258,0.1817603556109948
2024,20,378491.0,5.0,6093.0,63117,0.8049388185222199,0.0001306206769566421,0.19493056080082352
2024,21,309276.0,7.0,4463.0,62316,0.7933049493607127,0.00014883926401045662,0.20654621137527698
2024,22,242490.0,8.0,3456.0,67683,0.7819724888692058,0.00017501122819407533,0.21785249990260028
2024,23,171343.0,5.0,2140.0,67172,0.7721831716013603,0.0001978301495643445,0.22761899824907547
2024,24,102026.0,1.0,989.0,57631,0.7646903625146045,0.00020539864359137055,0.23510423884180423
2024,25,43405.0,0.0,8.0,42986,0.76454942200314,0.00020539864359137055,0.23524517935326875
2024,26,411.0,0.0,0.0,411,0.76454942200314,0.00020539864359137055,0.23524517935326875
2025,0,1087179.0,0.0,2762.0,65,0.9974594799936349,0.0,0.0025405200063650974
2025,1,1084352.0,0.0,3823.0,1701,0.9939428289504167,0.0,0.006057171049583228
2025,2,1078828.0,0.0,4350.0,100507,0.9899350989824012,0.0,0.010064901017598809
2025,3,973971.0,0.0,5133.0,98688,0.9847179653479535,0.0,0.015282034652046514
2025,4,870150.0,0.0,7844.0,115356,0.9758411881024334,0.0,0.02415881189756665
2025,5,746950.0,0.0,10261.0,101269,0.9624358645451416,0.0,0.0375641354548584
2025,6,635420.0,1.0,10090.0,89610,0.9471515796483411,1.514645218194488e-06,0.05284690570644078
2025,7,535719.0,0.0,8641.0,84714,0.93187428539568,1.514645218194488e-06,0.06812419995910181
2025,8,442364.0,0.0,5590.0,81740,0.9200985141860837,1.514645218194488e-06,0.0798999711686981
2025,9,355034.0,0.0,4555.0,79976,0.9082938736949825,1.514645218194488e-06,0.09170461165979926
2025,10,270503.0,1.0,4039.0,81824,0.8947283781192302,4.872441152786646e-06,0.10526674943961699
2025,11,184639.0,1.0,3101.0,73798,0.8796966273573334,9.71826667241809e-06,0.1202936543759941
2025,12,107739.0,0.0,1420.0,53914,0.8681022259720652,9.71826667241809e-06,0.13188805576126233
2025,13,52405.0,0.0,14.0,51893,0.8678703123919944,9.71826667241809e-06,0.1321199693413331
2025,14,498.0,0.0,0.0,498,0.8678703123919944,9.71826667241809e-06,0.1321199693413331
2026,0,143921.0,0.0,239.0,72949,0.9983393667359176,0.0,0.0016606332640823785
2026,1,70733.0,0.0,0.0,70103,0.9983393667359176,0.0,0.0016606332640823785
2026,2,630.0,0.0,0.0,630,0.9983393667359176,0.0,0.0016606332640823785
